{"cameraMode":{"drawMode":0,"name":"Shaded","section":"Shading Mode"},"sceneLighting":true,"audioPlay":false,"sceneViewState":{"showFog":true,"showMaterialUpdate":false,"showSkybox":true,"showFlares":true,"showImageEffects":true,"showParticleSystems":true},"in2DMode":false,"pivot":{"x":30.62519645690918,"y":165.01058959960938,"z":9.83880615234375},"rotation":{"x":0.1341637521982193,"y":0.04219911992549896,"z":0.0057453010231256489,"w":-0.9900601506233215},"size":180.9536590576172,"orthographic":false}