{"cameraMode":{"drawMode":0,"name":"Shaded","section":"Shading Mode"},"sceneLighting":true,"audioPlay":false,"sceneViewState":{"showFog":true,"showMaterialUpdate":false,"showSkybox":true,"showFlares":true,"showImageEffects":true,"showParticleSystems":true},"in2DMode":false,"pivot":{"x":-0.36883699893951418,"y":1.5571630001068116,"z":89.2148208618164},"rotation":{"x":-0.024307848885655404,"y":-0.0024003859143704178,"z":0.00008624847396276891,"w":-0.9997256398200989},"size":154.39706420898438,"orthographic":false}